{"cameraMode":{"drawMode":0,"name":"Shaded","section":"Shading Mode"},"sceneLighting":true,"audioPlay":false,"sceneViewState":{"m_AlwaysRefresh":false,"showFog":true,"showSkybox":true,"showFlares":true,"showImageEffects":true,"showParticleSystems":true,"showVisualEffectGraphs":true,"m_FxEnabled":true},"in2DMode":false,"pivot":{"x":-1.314153790473938,"y":6.681185722351074,"z":4.083566665649414},"rotation":{"x":-0.0737115815281868,"y":0.029013948515057565,"z":-0.0021452000364661218,"w":-0.9968573451042175},"size":8.740164756774903,"orthographic":false}